headline,url,publisher,date,stock
NVDA rises after earnings beat; analysts raise outlook,https://example-news.test/a/202400,Reuters,2024-01-02 09:29:00-04:00,NVDA
Price target lifted on AAPL amid strong cloud growth,https://example-news.test/a/202402,Bloomberg,2024-01-02 13:16:00-04:00,AAPL
AAPL slides as revenue misses Wall Street consensus,https://example-news.test/a/202401,FT,2024-01-02 14:52:00-04:00,AAPL
FDA approval speculation lifts sentiment around NVDA suppliers,https://example-news.test/a/202403,FT,2024-01-03 11:43:00-04:00,NVDA
Sector rotation favors MSFT as yields retreat,https://example-news.test/a/202405,Bloomberg,2024-01-03 17:21:00-04:00,MSFT
Options traders pile into weekly calls on NVDA,https://example-news.test/a/202404,Reuters,2024-01-03 18:59:00-04:00,NVDA
JPM rises after earnings beat; analysts raise outlook,https://example-news.test/a/202408,Barrons,2024-01-04 19:51:00-04:00,JPM
Macro jitters weigh on mega-cap peers including AMZN,https://example-news.test/a/202407,Reuters,2024-01-04 20:20:00-04:00,AMZN
FDA approval speculation lifts sentiment around GOOGL suppliers,https://example-news.test/a/202411,Bloomberg,2024-01-05 10:14:00-04:00,GOOGL
Price target lifted on JPM amid strong cloud growth,https://example-news.test/a/202410,WSJ,2024-01-05 13:08:00-04:00,JPM
AAPL slides as revenue misses Wall Street consensus,https://example-news.test/a/202409,Barrons,2024-01-05 18:20:00-04:00,AAPL
Options traders pile into weekly calls on AAPL,https://example-news.test/a/202412,Barrons,2024-01-06 13:30:00-04:00,AAPL
Sector rotation favors GOOGL as yields retreat,https://example-news.test/a/202413,tips@anonymous.example,2024-01-06 15:50:00-04:00,GOOGL
Macro jitters weigh on mega-cap peers including MSFT,https://example-news.test/a/202415,Bloomberg,2024-01-07 08:51:00-04:00,MSFT
MSFT rises after earnings beat; analysts raise outlook,https://example-news.test/a/202416,Barrons,2024-01-07 12:13:00-04:00,MSFT
AAPL slides as revenue misses Wall Street consensus,https://example-news.test/a/202417,Reuters,2024-01-07 17:49:00-04:00,AAPL
Options traders pile into weekly calls on META,https://example-news.test/a/202420,MarketWatch,2024-01-08 11:19:00-04:00,META
Price target lifted on META amid strong cloud growth,https://example-news.test/a/202418,investor_research@goldman.example,2024-01-08 11:29:00-04:00,META
FDA approval speculation lifts sentiment around AAPL suppliers,https://example-news.test/a/202419,CNBC,2024-01-08 18:10:00-04:00,AAPL
Macro jitters weigh on mega-cap peers including NVDA,https://example-news.test/a/202423,Bloomberg,2024-01-09 09:25:00-04:00,NVDA
Sector rotation favors META as yields retreat,https://example-news.test/a/202421,CNBC,2024-01-09 09:50:00-04:00,META
Insider filings show sizable sale at AAPL,https://example-news.test/a/202422,FT,2024-01-09 16:49:00-04:00,AAPL
XOM rises after earnings beat; analysts raise outlook,https://example-news.test/a/202424,MarketWatch,2024-01-10 09:47:00-04:00,XOM
AMZN slides as revenue misses Wall Street consensus,https://example-news.test/a/202425,Reuters,2024-01-10 16:08:00-04:00,AMZN
Price target lifted on META amid strong cloud growth,https://example-news.test/a/202426,Reuters,2024-01-10 17:49:00-04:00,META
Sector rotation favors MSFT as yields retreat,https://example-news.test/a/202429,CNBC,2024-01-11 05:01:00-04:00,MSFT
Options traders pile into weekly calls on XOM,https://example-news.test/a/202428,MarketWatch,2024-01-11 19:34:00-04:00,XOM
Macro jitters weigh on mega-cap peers including XOM,https://example-news.test/a/202431,Reuters,2024-01-12 13:53:00-04:00,XOM
Insider filings show sizable sale at AAPL,https://example-news.test/a/202430,FT,2024-01-12 17:23:00-04:00,AAPL
MSFT rises after earnings beat; analysts raise outlook,https://example-news.test/a/202432,CNBC,2024-01-12 17:27:00-04:00,MSFT
Price target lifted on AAPL amid strong cloud growth,https://example-news.test/a/202434,Bloomberg,2024-01-13 10:52:00-04:00,AAPL
GOOGL slides as revenue misses Wall Street consensus,https://example-news.test/a/202433,Barrons,2024-01-13 12:12:00-04:00,GOOGL
FDA approval speculation lifts sentiment around META suppliers,https://example-news.test/a/202435,Reuters,2024-01-13 16:18:00-04:00,META
Options traders pile into weekly calls on JPM,https://example-news.test/a/202436,MarketWatch,2024-01-14 03:30:00-04:00,JPM
Sector rotation favors AMZN as yields retreat,https://example-news.test/a/202437,CNBC,2024-01-14 18:11:00-04:00,AMZN
Insider filings show sizable sale at AMZN,https://example-news.test/a/202438,FT,2024-01-14 18:27:00-04:00,AMZN
NVDA rises after earnings beat; analysts raise outlook,https://example-news.test/a/202440,tips@anonymous.example,2024-01-15 05:40:00-04:00,NVDA
NVDA slides as revenue misses Wall Street consensus,https://example-news.test/a/202441,Reuters,2024-01-15 07:49:00-04:00,NVDA
Macro jitters weigh on mega-cap peers including NVDA,https://example-news.test/a/202439,Bloomberg,2024-01-15 12:10:00-04:00,NVDA
FDA approval speculation lifts sentiment around NVDA suppliers,https://example-news.test/a/202443,MarketWatch,2024-01-16 05:56:00-04:00,NVDA
Options traders pile into weekly calls on JPM,https://example-news.test/a/202444,tips@anonymous.example,2024-01-16 21:09:00-04:00,JPM
Insider filings show sizable sale at GOOGL,https://example-news.test/a/202446,tips@anonymous.example,2024-01-17 10:05:00-04:00,GOOGL
Macro jitters weigh on mega-cap peers including MSFT,https://example-news.test/a/202447,FT,2024-01-17 18:05:00-04:00,MSFT
Price target lifted on XOM amid strong cloud growth,https://example-news.test/a/202450,CNBC,2024-01-18 02:47:00-04:00,XOM
AMZN slides as revenue misses Wall Street consensus,https://example-news.test/a/202449,FT,2024-01-18 02:52:00-04:00,AMZN
NVDA rises after earnings beat; analysts raise outlook,https://example-news.test/a/202448,Reuters,2024-01-18 09:18:00-04:00,NVDA
Sector rotation favors GOOGL as yields retreat,https://example-news.test/a/202453,CNBC,2024-01-19 14:14:00-04:00,GOOGL
Options traders pile into weekly calls on XOM,https://example-news.test/a/202452,CNBC,2024-01-19 14:17:00-04:00,XOM
FDA approval speculation lifts sentiment around MSFT suppliers,https://example-news.test/a/202451,CNBC,2024-01-19 16:30:00-04:00,MSFT
META rises after earnings beat; analysts raise outlook,https://example-news.test/a/202456,CNBC,2024-01-20 05:49:00-04:00,META
Insider filings show sizable sale at NVDA,https://example-news.test/a/202454,Bloomberg,2024-01-20 09:23:00-04:00,NVDA
FDA approval speculation lifts sentiment around XOM suppliers,https://example-news.test/a/202459,Barrons,2024-01-21 01:07:00-04:00,XOM
Price target lifted on MSFT amid strong cloud growth,https://example-news.test/a/202458,WSJ,2024-01-21 14:34:00-04:00,MSFT
MSFT slides as revenue misses Wall Street consensus,https://example-news.test/a/202457,newsdesk@morgan.example,2024-01-21 20:11:00-04:00,MSFT
Sector rotation favors AAPL as yields retreat,https://example-news.test/a/202461,CNBC,2024-01-22 09:53:00-04:00,AAPL
Options traders pile into weekly calls on XOM,https://example-news.test/a/202460,Reuters,2024-01-22 19:31:00-04:00,XOM
Insider filings show sizable sale at MSFT,https://example-news.test/a/202462,FT,2024-01-22 19:47:00-04:00,MSFT
Macro jitters weigh on mega-cap peers including JPM,https://example-news.test/a/202463,MarketWatch,2024-01-23 04:42:00-04:00,JPM
AAPL rises after earnings beat; analysts raise outlook,https://example-news.test/a/202464,Bloomberg,2024-01-23 06:31:00-04:00,AAPL
FDA approval speculation lifts sentiment around META suppliers,https://example-news.test/a/202467,WSJ,2024-01-24 02:38:00-04:00,META
Price target lifted on JPM amid strong cloud growth,https://example-news.test/a/202466,investor_research@goldman.example,2024-01-24 15:08:00-04:00,JPM
Options traders pile into weekly calls on NVDA,https://example-news.test/a/202468,MarketWatch,2024-01-24 20:28:00-04:00,NVDA
Macro jitters weigh on mega-cap peers including NVDA,https://example-news.test/a/202471,Reuters,2024-01-25 11:26:00-04:00,NVDA
Sector rotation favors NVDA as yields retreat,https://example-news.test/a/202469,Bloomberg,2024-01-25 15:10:00-04:00,NVDA
Insider filings show sizable sale at META,https://example-news.test/a/202470,Reuters,2024-01-25 21:10:00-04:00,META
MSFT slides as revenue misses Wall Street consensus,https://example-news.test/a/202473,Reuters,2024-01-26 16:39:00-04:00,MSFT
Price target lifted on JPM amid strong cloud growth,https://example-news.test/a/202474,Bloomberg,2024-01-26 18:44:00-04:00,JPM
MSFT rises after earnings beat; analysts raise outlook,https://example-news.test/a/202472,newsdesk@morgan.example,2024-01-26 19:10:00-04:00,MSFT
FDA approval speculation lifts sentiment around JPM suppliers,https://example-news.test/a/202475,MarketWatch,2024-01-27 08:57:00-04:00,JPM
Sector rotation favors AMZN as yields retreat,https://example-news.test/a/202477,FT,2024-01-27 19:36:00-04:00,AMZN
Options traders pile into weekly calls on MSFT,https://example-news.test/a/202476,MarketWatch,2024-01-27 22:32:00-04:00,MSFT
Macro jitters weigh on mega-cap peers including META,https://example-news.test/a/202479,Bloomberg,2024-01-28 18:42:00-04:00,META
Price target lifted on NVDA amid strong cloud growth,https://example-news.test/a/202482,Barrons,2024-01-29 10:19:00-04:00,NVDA
FDA approval speculation lifts sentiment around XOM suppliers,https://example-news.test/a/202483,Barrons,2024-01-29 16:22:00-04:00,XOM
GOOGL slides as revenue misses Wall Street consensus,https://example-news.test/a/202481,CNBC,2024-01-29 18:58:00-04:00,GOOGL
Insider filings show sizable sale at JPM,https://example-news.test/a/202486,Barrons,2024-01-30 09:50:00-04:00,JPM
Options traders pile into weekly calls on MSFT,https://example-news.test/a/202484,Bloomberg,2024-01-30 11:40:00-04:00,MSFT
Sector rotation favors META as yields retreat,https://example-news.test/a/202485,Bloomberg,2024-01-30 16:39:00-04:00,META
AMZN rises after earnings beat; analysts raise outlook,https://example-news.test/a/202488,WSJ,2024-01-31 08:45:00-04:00,AMZN
XOM slides as revenue misses Wall Street consensus,https://example-news.test/a/202489,FT,2024-01-31 16:33:00-04:00,XOM
Macro jitters weigh on mega-cap peers including MSFT,https://example-news.test/a/202487,Bloomberg,2024-01-31 18:53:00-04:00,MSFT
Options traders pile into weekly calls on AMZN,https://example-news.test/a/202492,MarketWatch,2024-02-01 03:41:00-04:00,AMZN
FDA approval speculation lifts sentiment around MSFT suppliers,https://example-news.test/a/202491,MarketWatch,2024-02-01 07:17:00-04:00,MSFT
Price target lifted on META amid strong cloud growth,https://example-news.test/a/202490,Bloomberg,2024-02-01 19:03:00-04:00,META
Sector rotation favors META as yields retreat,https://example-news.test/a/202493,FT,2024-02-02 11:40:00-04:00,META
Insider filings show sizable sale at NVDA,https://example-news.test/a/202494,Reuters,2024-02-02 18:04:00-04:00,NVDA
Macro jitters weigh on mega-cap peers including NVDA,https://example-news.test/a/202495,Bloomberg,2024-02-02 18:59:00-04:00,NVDA
AMZN slides as revenue misses Wall Street consensus,https://example-news.test/a/202497,CNBC,2024-02-03 14:35:00-04:00,AMZN
Price target lifted on JPM amid strong cloud growth,https://example-news.test/a/202498,Barrons,2024-02-03 17:47:00-04:00,JPM
AAPL rises after earnings beat; analysts raise outlook,https://example-news.test/a/202496,Bloomberg,2024-02-03 19:44:00-04:00,AAPL
FDA approval speculation lifts sentiment around JPM suppliers,https://example-news.test/a/202499,WSJ,2024-02-04 08:10:00-04:00,JPM
Sector rotation favors AMZN as yields retreat,https://example-news.test/a/202501,Bloomberg,2024-02-04 13:00:00-04:00,AMZN
Options traders pile into weekly calls on MSFT,https://example-news.test/a/202500,Bloomberg,2024-02-04 16:04:00-04:00,MSFT
Macro jitters weigh on mega-cap peers including GOOGL,https://example-news.test/a/202503,Reuters,2024-02-05 08:41:00-04:00,GOOGL
AMZN rises after earnings beat; analysts raise outlook,https://example-news.test/a/202504,WSJ,2024-02-05 08:41:00-04:00,AMZN
Insider filings show sizable sale at MSFT,https://example-news.test/a/202502,Bloomberg,2024-02-05 14:23:00-04:00,MSFT
NVDA slides as revenue misses Wall Street consensus,https://example-news.test/a/202505,newsdesk@morgan.example,2024-02-06 02:11:00-04:00,NVDA
Price target lifted on GOOGL amid strong cloud growth,https://example-news.test/a/202506,Reuters,2024-02-06 11:03:00-04:00,GOOGL
FDA approval speculation lifts sentiment around JPM suppliers,https://example-news.test/a/202507,MarketWatch,2024-02-06 14:02:00-04:00,JPM
Options traders pile into weekly calls on META,https://example-news.test/a/202508,Bloomberg,2024-02-07 08:42:00-04:00,META
Insider filings show sizable sale at AMZN,https://example-news.test/a/202510,Reuters,2024-02-07 15:16:00-04:00,AMZN
Sector rotation favors GOOGL as yields retreat,https://example-news.test/a/202509,Barrons,2024-02-07 19:01:00-04:00,GOOGL
Macro jitters weigh on mega-cap peers including META,https://example-news.test/a/202511,Barrons,2024-02-08 04:42:00-04:00,META
MSFT slides as revenue misses Wall Street consensus,https://example-news.test/a/202513,MarketWatch,2024-02-08 10:08:00-04:00,MSFT
AMZN rises after earnings beat; analysts raise outlook,https://example-news.test/a/202512,Reuters,2024-02-08 11:28:00-04:00,AMZN
Price target lifted on JPM amid strong cloud growth,https://example-news.test/a/202514,CNBC,2024-02-09 17:18:00-04:00,JPM
Options traders pile into weekly calls on AAPL,https://example-news.test/a/202516,Bloomberg,2024-02-09 19:54:00-04:00,AAPL
Sector rotation favors AAPL as yields retreat,https://example-news.test/a/202517,Barrons,2024-02-10 14:28:00-04:00,AAPL
Insider filings show sizable sale at MSFT,https://example-news.test/a/202518,WSJ,2024-02-10 16:02:00-04:00,MSFT
Price target lifted on NVDA amid strong cloud growth,https://example-news.test/a/202522,MarketWatch,2024-02-11 15:22:00-04:00,NVDA
MSFT slides as revenue misses Wall Street consensus,https://example-news.test/a/202521,CNBC,2024-02-11 19:30:00-04:00,MSFT
MSFT rises after earnings beat; analysts raise outlook,https://example-news.test/a/202520,Barrons,2024-02-11 21:40:00-04:00,MSFT
FDA approval speculation lifts sentiment around META suppliers,https://example-news.test/a/202523,Reuters,2024-02-12 13:57:00-04:00,META
Options traders pile into weekly calls on AMZN,https://example-news.test/a/202524,Bloomberg,2024-02-12 20:07:00-04:00,AMZN
Sector rotation favors GOOGL as yields retreat,https://example-news.test/a/202525,WSJ,2024-02-12 20:44:00-04:00,GOOGL
Macro jitters weigh on mega-cap peers including XOM,https://example-news.test/a/202527,FT,2024-02-13 13:07:00-04:00,XOM
MSFT rises after earnings beat; analysts raise outlook,https://example-news.test/a/202528,MarketWatch,2024-02-13 19:20:00-04:00,MSFT
Insider filings show sizable sale at GOOGL,https://example-news.test/a/202526,FT,2024-02-13 22:32:00-04:00,GOOGL
Price target lifted on AAPL amid strong cloud growth,https://example-news.test/a/202530,MarketWatch,2024-02-14 07:28:00-04:00,AAPL
GOOGL slides as revenue misses Wall Street consensus,https://example-news.test/a/202529,FT,2024-02-14 14:57:00-04:00,GOOGL
FDA approval speculation lifts sentiment around MSFT suppliers,https://example-news.test/a/202531,Bloomberg,2024-02-14 16:11:00-04:00,MSFT
Options traders pile into weekly calls on AAPL,https://example-news.test/a/202532,newsdesk@morgan.example,2024-02-15 05:01:00-04:00,AAPL
Insider filings show sizable sale at NVDA,https://example-news.test/a/202534,Reuters,2024-02-15 08:59:00-04:00,NVDA
Sector rotation favors META as yields retreat,https://example-news.test/a/202533,Bloomberg,2024-02-15 13:00:00-04:00,META
MSFT slides as revenue misses Wall Street consensus,https://example-news.test/a/202537,FT,2024-02-16 11:02:00-04:00,MSFT
Macro jitters weigh on mega-cap peers including NVDA,https://example-news.test/a/202535,WSJ,2024-02-16 14:37:00-04:00,NVDA
NVDA rises after earnings beat; analysts raise outlook,https://example-news.test/a/202536,Bloomberg,2024-02-16 16:32:00-04:00,NVDA
Price target lifted on NVDA amid strong cloud growth,https://example-news.test/a/202538,Bloomberg,2024-02-17 08:45:00-04:00,NVDA
Options traders pile into weekly calls on MSFT,https://example-news.test/a/202540,WSJ,2024-02-17 10:00:00-04:00,MSFT
FDA approval speculation lifts sentiment around META suppliers,https://example-news.test/a/202539,FT,2024-02-17 15:21:00-04:00,META
Insider filings show sizable sale at NVDA,https://example-news.test/a/202542,FT,2024-02-18 05:15:00-04:00,NVDA
Macro jitters weigh on mega-cap peers including AMZN,https://example-news.test/a/202543,WSJ,2024-02-18 07:18:00-04:00,AMZN
Sector rotation favors MSFT as yields retreat,https://example-news.test/a/202541,tips@anonymous.example,2024-02-18 14:59:00-04:00,MSFT
META slides as revenue misses Wall Street consensus,https://example-news.test/a/202545,Reuters,2024-02-19 07:51:00-04:00,META
Price target lifted on AAPL amid strong cloud growth,https://example-news.test/a/202546,Bloomberg,2024-02-19 14:41:00-04:00,AAPL
Options traders pile into weekly calls on MSFT,https://example-news.test/a/202548,CNBC,2024-02-20 12:51:00-04:00,MSFT
FDA approval speculation lifts sentiment around NVDA suppliers,https://example-news.test/a/202547,Bloomberg,2024-02-20 13:43:00-04:00,NVDA
Sector rotation favors META as yields retreat,https://example-news.test/a/202549,FT,2024-02-20 21:28:00-04:00,META
MSFT rises after earnings beat; analysts raise outlook,https://example-news.test/a/202552,Bloomberg,2024-02-21 19:19:00-04:00,MSFT
FDA approval speculation lifts sentiment around JPM suppliers,https://example-news.test/a/202555,Reuters,2024-02-22 07:34:00-04:00,JPM
Price target lifted on MSFT amid strong cloud growth,https://example-news.test/a/202554,Reuters,2024-02-22 08:24:00-04:00,MSFT
XOM slides as revenue misses Wall Street consensus,https://example-news.test/a/202553,MarketWatch,2024-02-22 15:57:00-04:00,XOM
Options traders pile into weekly calls on JPM,https://example-news.test/a/202556,investor_research@goldman.example,2024-02-23 12:44:00-04:00,JPM
Sector rotation favors NVDA as yields retreat,https://example-news.test/a/202557,newsdesk@morgan.example,2024-02-23 13:46:00-04:00,NVDA
Insider filings show sizable sale at META,https://example-news.test/a/202558,MarketWatch,2024-02-23 17:53:00-04:00,META
NVDA slides as revenue misses Wall Street consensus,https://example-news.test/a/202561,CNBC,2024-02-24 16:13:00-04:00,NVDA
Macro jitters weigh on mega-cap peers including AAPL,https://example-news.test/a/202559,newsdesk@morgan.example,2024-02-24 19:51:00-04:00,AAPL
FDA approval speculation lifts sentiment around GOOGL suppliers,https://example-news.test/a/202563,Bloomberg,2024-02-25 05:25:00-04:00,GOOGL
Price target lifted on XOM amid strong cloud growth,https://example-news.test/a/202562,WSJ,2024-02-25 18:20:00-04:00,XOM
Options traders pile into weekly calls on NVDA,https://example-news.test/a/202564,Bloomberg,2024-02-25 22:07:00-04:00,NVDA
Sector rotation favors AAPL as yields retreat,https://example-news.test/a/202565,Reuters,2024-02-26 09:22:00-04:00,AAPL
Macro jitters weigh on mega-cap peers including AMZN,https://example-news.test/a/202567,Reuters,2024-02-26 13:54:00-04:00,AMZN
Insider filings show sizable sale at GOOGL,https://example-news.test/a/202566,CNBC,2024-02-26 23:57:00-04:00,GOOGL
META rises after earnings beat; analysts raise outlook,https://example-news.test/a/202568,FT,2024-02-27 08:50:00-04:00,META
MSFT slides as revenue misses Wall Street consensus,https://example-news.test/a/202569,MarketWatch,2024-02-27 13:16:00-04:00,MSFT
Sector rotation favors NVDA as yields retreat,https://example-news.test/a/202573,WSJ,2024-02-28 13:45:00-04:00,NVDA
Options traders pile into weekly calls on AAPL,https://example-news.test/a/202572,MarketWatch,2024-02-28 14:00:00-04:00,AAPL
FDA approval speculation lifts sentiment around GOOGL suppliers,https://example-news.test/a/202571,Bloomberg,2024-02-28 19:22:00-04:00,GOOGL
XOM rises after earnings beat; analysts raise outlook,https://example-news.test/a/202576,CNBC,2024-02-29 18:33:00-04:00,XOM
Macro jitters weigh on mega-cap peers including AAPL,https://example-news.test/a/202575,Reuters,2024-02-29 19:09:00-04:00,AAPL
Insider filings show sizable sale at META,https://example-news.test/a/202574,WSJ,2024-02-29 20:47:00-04:00,META
Price target lifted on AMZN amid strong cloud growth,https://example-news.test/a/202578,Bloomberg,2024-03-01 14:49:00-04:00,AMZN
JPM slides as revenue misses Wall Street consensus,https://example-news.test/a/202577,CNBC,2024-03-01 17:10:00-04:00,JPM
FDA approval speculation lifts sentiment around XOM suppliers,https://example-news.test/a/202579,MarketWatch,2024-03-01 23:30:00-04:00,XOM
Insider filings show sizable sale at XOM,https://example-news.test/a/202582,CNBC,2024-03-02 01:47:00-04:00,XOM
Options traders pile into weekly calls on MSFT,https://example-news.test/a/202580,FT,2024-03-02 03:02:00-04:00,MSFT
Sector rotation favors XOM as yields retreat,https://example-news.test/a/202581,WSJ,2024-03-03 00:05:00-04:00,XOM
AAPL slides as revenue misses Wall Street consensus,https://example-news.test/a/202585,FT,2024-03-03 09:54:00-04:00,AAPL
AMZN rises after earnings beat; analysts raise outlook,https://example-news.test/a/202584,FT,2024-03-03 11:56:00-04:00,AMZN
Macro jitters weigh on mega-cap peers including MSFT,https://example-news.test/a/202583,Reuters,2024-03-03 19:21:00-04:00,MSFT
Options traders pile into weekly calls on AAPL,https://example-news.test/a/202588,Reuters,2024-03-04 16:13:00-04:00,AAPL
Price target lifted on NVDA amid strong cloud growth,https://example-news.test/a/202586,MarketWatch,2024-03-04 20:09:00-04:00,NVDA
FDA approval speculation lifts sentiment around XOM suppliers,https://example-news.test/a/202587,Barrons,2024-03-04 20:46:00-04:00,XOM
Macro jitters weigh on mega-cap peers including MSFT,https://example-news.test/a/202591,Reuters,2024-03-05 10:42:00-04:00,MSFT
Sector rotation favors MSFT as yields retreat,https://example-news.test/a/202589,Reuters,2024-03-05 23:03:00-04:00,MSFT
Price target lifted on AAPL amid strong cloud growth,https://example-news.test/a/202594,WSJ,2024-03-06 09:31:00-04:00,AAPL
META slides as revenue misses Wall Street consensus,https://example-news.test/a/202593,WSJ,2024-03-06 16:46:00-04:00,META
AMZN rises after earnings beat; analysts raise outlook,https://example-news.test/a/202592,CNBC,2024-03-06 18:25:00-04:00,AMZN
Sector rotation favors NVDA as yields retreat,https://example-news.test/a/202597,WSJ,2024-03-07 09:39:00-04:00,NVDA
FDA approval speculation lifts sentiment around JPM suppliers,https://example-news.test/a/202595,CNBC,2024-03-07 09:49:00-04:00,JPM
Options traders pile into weekly calls on GOOGL,https://example-news.test/a/202596,Bloomberg,2024-03-07 14:55:00-04:00,GOOGL
Insider filings show sizable sale at AAPL,https://example-news.test/a/202598,WSJ,2024-03-08 10:33:00-04:00,AAPL
JPM rises after earnings beat; analysts raise outlook,https://example-news.test/a/202600,FT,2024-03-08 23:13:00-04:00,JPM
Price target lifted on NVDA amid strong cloud growth,https://example-news.test/a/202602,Bloomberg,2024-03-09 07:31:00-04:00,NVDA
AMZN slides as revenue misses Wall Street consensus,https://example-news.test/a/202601,investor_research@goldman.example,2024-03-09 10:06:00-04:00,AMZN
FDA approval speculation lifts sentiment around NVDA suppliers,https://example-news.test/a/202603,Barrons,2024-03-09 19:55:00-04:00,NVDA
Sector rotation favors NVDA as yields retreat,https://example-news.test/a/202605,Reuters,2024-03-10 10:02:00-04:00,NVDA
Options traders pile into weekly calls on META,https://example-news.test/a/202604,Reuters,2024-03-10 18:17:00-04:00,META
Insider filings show sizable sale at MSFT,https://example-news.test/a/202606,MarketWatch,2024-03-10 19:38:00-04:00,MSFT
Macro jitters weigh on mega-cap peers including XOM,https://example-news.test/a/202607,MarketWatch,2024-03-11 10:07:00-04:00,XOM
XOM rises after earnings beat; analysts raise outlook,https://example-news.test/a/202608,Bloomberg,2024-03-11 20:06:00-04:00,XOM
XOM slides as revenue misses Wall Street consensus,https://example-news.test/a/202609,Reuters,2024-03-11 23:10:00-04:00,XOM
Options traders pile into weekly calls on NVDA,https://example-news.test/a/202612,Bloomberg,2024-03-12 11:55:00-04:00,NVDA
FDA approval speculation lifts sentiment around NVDA suppliers,https://example-news.test/a/202611,Reuters,2024-03-12 13:44:00-04:00,NVDA
Price target lifted on NVDA amid strong cloud growth,https://example-news.test/a/202610,WSJ,2024-03-12 19:50:00-04:00,NVDA
Sector rotation favors AAPL as yields retreat,https://example-news.test/a/202613,Bloomberg,2024-03-13 02:11:00-04:00,AAPL
Insider filings show sizable sale at MSFT,https://example-news.test/a/202614,Barrons,2024-03-13 15:55:00-04:00,MSFT
AAPL rises after earnings beat; analysts raise outlook,https://example-news.test/a/202616,tips@anonymous.example,2024-03-14 06:30:00-04:00,AAPL
AAPL slides as revenue misses Wall Street consensus,https://example-news.test/a/202617,WSJ,2024-03-14 17:02:00-04:00,AAPL
Price target lifted on AMZN amid strong cloud growth,https://example-news.test/a/202618,CNBC,2024-03-14 18:11:00-04:00,AMZN
Insider filings show sizable sale at MSFT,https://example-news.test/a/202414,FT,2024-08-05 02:52:00-04:00,MSFT
JPM rises after earnings beat; analysts raise outlook,https://example-news.test/a/202544,Reuters,2024-08-05 03:31:00-04:00,JPM
Insider filings show sizable sale at AAPL,https://example-news.test/a/202478,tips@anonymous.example,2024-08-05 07:16:00-04:00,AAPL
Price target lifted on META amid strong cloud growth,https://example-news.test/a/202570,Bloomberg,2024-08-05 07:35:00-04:00,META
Insider filings show sizable sale at MSFT,https://example-news.test/a/202550,Reuters,2024-08-05 08:35:00-04:00,MSFT
Price target lifted on GOOGL amid strong cloud growth,https://example-news.test/a/202442,Bloomberg,2024-08-05 08:59:00-04:00,GOOGL
Volatile session: traders react to CPI print — focus on NVDA,https://example-news.test/event/0,Reuters,2024-08-05 10:00:00-04:00,NVDA
Volatile session: traders react to CPI print — focus on XOM,https://example-news.test/event/1,Bloomberg,2024-08-05 10:03:00-04:00,XOM
Volatile session: traders react to CPI print — focus on AMZN,https://example-news.test/event/2,Bloomberg,2024-08-05 10:06:00-04:00,AMZN
Volatile session: traders react to CPI print — focus on MSFT,https://example-news.test/event/3,CNBC,2024-08-05 10:09:00-04:00,MSFT
Volatile session: traders react to CPI print — focus on NVDA,https://example-news.test/event/4,CNBC,2024-08-05 10:12:00-04:00,NVDA
Volatile session: traders react to CPI print — focus on NVDA,https://example-news.test/event/5,Reuters,2024-08-05 10:15:00-04:00,NVDA
Volatile session: traders react to CPI print — focus on JPM,https://example-news.test/event/6,Bloomberg,2024-08-05 10:18:00-04:00,JPM
Volatile session: traders react to CPI print — focus on AMZN,https://example-news.test/event/7,Reuters,2024-08-05 10:21:00-04:00,AMZN
Volatile session: traders react to CPI print — focus on XOM,https://example-news.test/event/8,Reuters,2024-08-05 10:24:00-04:00,XOM
Volatile session: traders react to CPI print — focus on AMZN,https://example-news.test/event/9,CNBC,2024-08-05 10:27:00-04:00,AMZN
Volatile session: traders react to CPI print — focus on AAPL,https://example-news.test/event/10,Reuters,2024-08-05 10:30:00-04:00,AAPL
Volatile session: traders react to CPI print — focus on NVDA,https://example-news.test/event/11,Reuters,2024-08-05 10:33:00-04:00,NVDA
Volatile session: traders react to CPI print — focus on GOOGL,https://example-news.test/event/12,CNBC,2024-08-05 10:36:00-04:00,GOOGL
Macro jitters weigh on mega-cap peers including NVDA,https://example-news.test/a/202519,Reuters,2024-08-05 10:37:00-04:00,NVDA
Volatile session: traders react to CPI print — focus on AMZN,https://example-news.test/event/13,Reuters,2024-08-05 10:39:00-04:00,AMZN
Volatile session: traders react to CPI print — focus on AMZN,https://example-news.test/event/14,CNBC,2024-08-05 10:42:00-04:00,AMZN
Volatile session: traders react to CPI print — focus on AMZN,https://example-news.test/event/15,Reuters,2024-08-05 10:45:00-04:00,AMZN
Volatile session: traders react to CPI print — focus on NVDA,https://example-news.test/event/16,Reuters,2024-08-05 10:48:00-04:00,NVDA
Volatile session: traders react to CPI print — focus on AAPL,https://example-news.test/event/17,Bloomberg,2024-08-05 10:51:00-04:00,AAPL
Volatile session: traders react to CPI print — focus on GOOGL,https://example-news.test/event/18,Reuters,2024-08-05 10:54:00-04:00,GOOGL
Volatile session: traders react to CPI print — focus on META,https://example-news.test/event/19,Reuters,2024-08-05 10:57:00-04:00,META
Volatile session: traders react to CPI print — focus on MSFT,https://example-news.test/event/20,CNBC,2024-08-05 11:00:00-04:00,MSFT
Volatile session: traders react to CPI print — focus on AAPL,https://example-news.test/event/21,Reuters,2024-08-05 11:03:00-04:00,AAPL
Volatile session: traders react to CPI print — focus on AAPL,https://example-news.test/event/22,Bloomberg,2024-08-05 11:06:00-04:00,AAPL
Macro jitters weigh on mega-cap peers including XOM,https://example-news.test/a/202615,Bloomberg,2024-08-05 11:08:00-04:00,XOM
Volatile session: traders react to CPI print — focus on AMZN,https://example-news.test/event/23,CNBC,2024-08-05 11:09:00-04:00,AMZN
Volatile session: traders react to CPI print — focus on NVDA,https://example-news.test/event/24,Reuters,2024-08-05 11:12:00-04:00,NVDA
Volatile session: traders react to CPI print — focus on GOOGL,https://example-news.test/event/25,Bloomberg,2024-08-05 11:15:00-04:00,GOOGL
FDA approval speculation lifts sentiment around AAPL suppliers,https://example-news.test/a/202619,CNBC,2024-08-05 11:17:00-04:00,AAPL
Volatile session: traders react to CPI print — focus on AAPL,https://example-news.test/event/26,Reuters,2024-08-05 11:18:00-04:00,AAPL
Volatile session: traders react to CPI print — focus on JPM,https://example-news.test/event/27,CNBC,2024-08-05 11:21:00-04:00,JPM
Volatile session: traders react to CPI print — focus on MSFT,https://example-news.test/event/28,CNBC,2024-08-05 11:24:00-04:00,MSFT
Volatile session: traders react to CPI print — focus on MSFT,https://example-news.test/event/29,Bloomberg,2024-08-05 11:27:00-04:00,MSFT
Volatile session: traders react to CPI print — focus on XOM,https://example-news.test/event/30,Bloomberg,2024-08-05 11:30:00-04:00,XOM
Volatile session: traders react to CPI print — focus on MSFT,https://example-news.test/event/31,Bloomberg,2024-08-05 11:33:00-04:00,MSFT
Volatile session: traders react to CPI print — focus on AMZN,https://example-news.test/event/32,CNBC,2024-08-05 11:36:00-04:00,AMZN
Volatile session: traders react to CPI print — focus on AAPL,https://example-news.test/event/33,CNBC,2024-08-05 11:39:00-04:00,AAPL
Volatile session: traders react to CPI print — focus on META,https://example-news.test/event/34,Bloomberg,2024-08-05 11:42:00-04:00,META
Volatile session: traders react to CPI print — focus on AAPL,https://example-news.test/event/35,Reuters,2024-08-05 11:45:00-04:00,AAPL
Volatile session: traders react to CPI print — focus on XOM,https://example-news.test/event/36,Bloomberg,2024-08-05 11:48:00-04:00,XOM
Volatile session: traders react to CPI print — focus on JPM,https://example-news.test/event/37,CNBC,2024-08-05 11:51:00-04:00,JPM
Volatile session: traders react to CPI print — focus on MSFT,https://example-news.test/event/38,Bloomberg,2024-08-05 11:54:00-04:00,MSFT
Volatile session: traders react to CPI print — focus on XOM,https://example-news.test/event/39,Reuters,2024-08-05 11:57:00-04:00,XOM
Volatile session: traders react to CPI print — focus on MSFT,https://example-news.test/event/40,Bloomberg,2024-08-05 12:00:00-04:00,MSFT
Volatile session: traders react to CPI print — focus on GOOGL,https://example-news.test/event/41,Reuters,2024-08-05 12:03:00-04:00,GOOGL
Volatile session: traders react to CPI print — focus on GOOGL,https://example-news.test/event/42,Bloomberg,2024-08-05 12:06:00-04:00,GOOGL
Volatile session: traders react to CPI print — focus on NVDA,https://example-news.test/event/43,Bloomberg,2024-08-05 12:09:00-04:00,NVDA
Volatile session: traders react to CPI print — focus on META,https://example-news.test/event/44,Bloomberg,2024-08-05 12:12:00-04:00,META
GOOGL slides as revenue misses Wall Street consensus,https://example-news.test/a/202465,FT,2024-08-05 14:07:00-04:00,GOOGL
AMZN rises after earnings beat; analysts raise outlook,https://example-news.test/a/202480,WSJ,2024-08-05 14:16:00-04:00,AMZN
Macro jitters weigh on mega-cap peers including AAPL,https://example-news.test/a/202551,WSJ,2024-08-05 14:18:00-04:00,AAPL
FDA approval speculation lifts sentiment around XOM suppliers,https://example-news.test/a/202427,investor_research@goldman.example,2024-08-05 15:31:00-04:00,XOM
Insider filings show sizable sale at AAPL,https://example-news.test/a/202406,MarketWatch,2024-08-05 15:51:00-04:00,AAPL
Macro jitters weigh on mega-cap peers including MSFT,https://example-news.test/a/202599,tips@anonymous.example,2024-08-05 16:17:00-04:00,MSFT
Insider filings show sizable sale at JPM,https://example-news.test/a/202590,WSJ,2024-08-05 16:57:00-04:00,JPM
Macro jitters weigh on mega-cap peers including MSFT,https://example-news.test/a/202455,Bloomberg,2024-08-05 17:04:00-04:00,MSFT
AAPL rises after earnings beat; analysts raise outlook,https://example-news.test/a/202560,FT,2024-08-05 18:36:00-04:00,AAPL
FDA approval speculation lifts sentiment around MSFT suppliers,https://example-news.test/a/202515,Barrons,2024-08-05 18:41:00-04:00,MSFT
Sector rotation favors GOOGL as yields retreat,https://example-news.test/a/202445,CNBC,2024-08-05 19:57:00-04:00,GOOGL
